{
    "heroes" : [
        {
            "title" : "Ironman",
            "power" : 7,
            "city" : "New York"
        },
        {
            "title" : "Spiderman",
            "power" : 6,
            "city" : "New York"
        },
        {
            "title" : "Superman",
            "power" : 9,
            "city" : "Metropolis"
        },
        {
            "title" : "Wonder Women",
            "power" : 9,
            "city" : "Amazon"
        },
        {
            "title" : "Phantom",
            "power" : 7,
            "city" : "Bhangala"
        }
    ]
}